{"duration": 3.416084051132202, "input_args": {}, "time": 1740292559.3330185}